,Favo,PN,RT,date,text
254129,0,3,0,2017-10-21,バーナンキさんはBitcoinは政府が規制してゴミになるって言ってたけど、その兆しは全然見えない。
702438,0,3,0,2018-03-12,ふとビットコインどうなったのかなと思ったら、まだ100万円あたりうろうろしてた。やはりそこらへんを一つの壁として支える人がいるのだろうか。
686965,0,2,0,2018-03-03,"Bitcoinトランザクション状況 HashRateは「3,635,766,627,703 KH/s」 NetworkDiffは「3,007,383,866,429」 未確認取引数は「5,244 件」 だよ # bitcoin # ethereum # cryptocurrency # 仮想通貨"
85520,0,3,0,2017-05-13,12:00~13:00のBitcoin市場は上げ一服でした。 直近の市場の平均Bitcoinの価格は193239.0円 変化率は1.094% 14:00までは反騰かな? 【AIコメントです:テスト中@パターンB】 # bitcoin # AI
703535,0,2,0,2018-03-13,そういえば確定申告もうすぐ締切ですね。 あれは1日遅れただけで5%ぐらい追加で持っていかれたりするので、実質年率1800%！ ビットコイン売ったりした人は申告遅れないでね。 日付を改竄してくれるようなお友達がいれば良かったのかもね。
802810,1,2,0,2018-05-29,ビットコイン、反発してるのね 帰ったらちゃんとチャート見よ
246123,1,3,0,2017-10-14,「C2Cとしての流動性のクリティカルマス」を超えるトラストレスシステムを立ち上げるのは時間がかかりすぎるのに対してBitcoinの成長が早すぎるので、スケーラビリティや利便性が追いついていない部分が多々あり、そこに企業が入っていくのはわかる
255351,0,3,0,2017-10-21,ビットコイン上がってる割に円建てでアルトそこまで下げてない。強度上がってるやない
684838,1,2,0,2018-03-01,2018/03/01 09:30 # BTC 1078682.5円 # ETH 88940円 # ETC 3452.4円 # BCH 125120.8円 # XRP 92.6円 # XEM 40.7円 # LSK 1873.5円 # MONA 582.4円 # 仮想通貨 # ビットコイン # Bitcoin # bitFlyer # Coincheck
175129,0,1,0,2017-08-20,「ビットコイン」女性遺棄事件…。デジタル時代だけど、やってることは短絡的。 # nhk
397512,13,1,0,2017-12-11,ビットコインで有り金溶かした人の顔
166598,0,2,0,2017-08-14,昨日のビットコイン過去最高更新のニュースをうけて今日明日、入金の新規が増える。 それをわかってる大口はどこかで売りに入り一度ビットコインの値段が下がる。 という予想をしてみた！ あってますか？ どうですか?
642631,1,3,0,2018-02-10,リスクも好材料ありますね〜 # LSK # 暗号通貨 # 仮想通貨 # QASH # ビットコインキャッシュ # ビットコイン # リップル # XRP # ripple
787232,3,1,0,2018-05-15,株取引のみで仮想通貨はなんとなく怖くて手を出してなかった。 けどkazmaxさんのツイート見てたらこれは機会損失のリスクかと思い始めた…。とりあえずＢＩＴ－Z登録。あ、まずbitcoin手に入れなあかんのか…。出遅れ感半端ない
429274,0,3,0,2017-12-19,さすが、ハブ通貨であるビットコインは底堅いな。アルトコインは一気に底抜けそう。
155613,7,2,0,2017-08-06,確かに生の方が気持ちいいかもしれないけど避妊はした方がいいぞ！！(マジレス)
497642,1,3,0,2018-01-07,ハードディスクにBitcoinで書いてあるだけであって、中身が入っているなんて一切書いてないしやり方はうまいと思う。ただ、今ならRippleの方が釣れるんじゃね？
394343,14,1,1,2017-12-10,BCHは、期待とは逆の動きをし続けていますね。。 ただ、こんな荒れ相場のときは動かずじっとしているのが一番。 嵐の夜は、家の外に出かけずにじっとお家でテレビ見てた方がいいでしょう。
820,0,1,0,2016-01-09,ビットコインなどの暗号通貨ですが，一般には“仮想通貨”という名前で呼ばれているので，自分のブログでも仮想通貨という単語を使用しています．自分程度でもいいので，ビットコインの知識が少しでもあればこんな詐欺に引っかかることはないだろうに…
157480,0,4,0,2017-08-07,ビットコインのレート見たら一気に上がってる。 自分はもう放置でしかないけど、どれだけ資産増えるか見ものだね。
571656,0,2,0,2018-01-23,長期保有銘柄として保有してますとか言いまくってたのに、ビットコイン下がったら即フィアット逃げしてる人いて笑う。やっすい長期保有やなw 皆さんもインフルエンサー()の言うことはあまり鵜呑みにしないほうがいいですよ。結局自分のお金。全部ただのポジショントークですよ。
448709,0,0,0,2017-12-22,# 仮想通貨 の # ビットコイン が価値が下落の急落か…。ちなみに仮想通貨って総称だって事はその程度は把握している、けどね。
668133,1,3,0,2018-02-21,"そうそう 大体1万円ちょっとで1億4千万枚買えるコイン（1枚0.0001円くらい） PCの計算能力貸出で報酬に貰ってる分を交換してるだけだから、日本円は全く入れてないんだけどね ビットコインも初手0,7円とかが今200万円なんで、ワンチャンはある（ぇ"
606985,0,2,0,2018-01-30,コインチェックに5000兆Bitcoinあったはずと言いはる事件
699622,0,2,0,2018-03-10,# 仮想通貨 # VEE Bittrex高騰/暴落 速報(5分前価格と比較) [ETH-VEE]7.44% [ETH-ADX]-5.41%
713130,0,2,0,2018-03-19,@ CryptoC_x さん!ﾄﾞｺﾄﾞｺﾄﾞｺ! @ bitcoin_kun2 さんから投げられましうおぉ! つ〔25 coin_monster:no_4〕
242404,1,3,1,2017-10-13,ビットコインをフルレバでショートしてたらたぶん108回死んでたな
251163,0,1,0,2017-10-18,ビットコインはともかく他のコインが店の支払いで使えるって聞いたことがない 単にマネーゲームの材料として使われてるだけなんかね
581972,3,3,0,2018-01-26,仮想通貨やってる人、俺のフォロワーにいるとは思えないけど、もしいたら今からBitcoinは100万切るだろうからその時に買え。コインチェックはもうダメだ。ビットフライヤーで買うんだぞ…
203149,0,2,0,2017-09-12,ビットコインこの辺かね
220821,5,2,0,2017-09-21,ノリで自己紹介時に「ビットコインのチャート監視が趣味です」と書いたら意外と色々訊かれるので一回ちゃんと勉強しなおさないとダメな気がする…
576476,0,3,0,2018-01-25,ビットコインは信用できないイメージだったけどなんか規模が大きくなってるから突然価値が無くなることは無さそうな気がしてきた
137026,0,2,0,2017-07-19,アービトラージ 暗号通貨の利ざやを抜くツール販売中！！ 詳しくはDMにて♪ ご質問だけでも大歓迎 # ビットコイン # トレード # アービトラージ # 利鞘
692133,0,2,0,2018-03-06,"Bitcoinトランザクション状況 HashRateは「3,623,393,274,310 KH/s」 NetworkDiffは「3,290,605,988,755」 未確認取引数は「5,665 件」 だよ # bitcoin # ethereum # cryptocurrency # 仮想通貨"
301017,0,3,0,2017-11-17,さらばビットコイン見ました。別にキャッシュを褒めてる訳では無いんですね。暗号通貨（全体）に対する愛を感じました。
187899,0,3,0,2017-08-31,ビットコインの量は決められてるので、とにかくたくさんのマシンで掘らないと他の採掘者に勝てないんでしょうな。それにしてもビットコインの価値がなんかすごい高い
676078,0,3,0,2018-02-24,# ビットコイン # ビットフライヤー やや変形してるが逆三尊。112万〜113万を抜けるかどうかってところだったが、抜けそうだ。 中期では直近高値の128万を抜けたら固そう。相変わらず良い下げ方してくれたよ。上げ相場継続だ。
717554,0,2,0,2018-03-22,# 仮想通貨 # FAIR Bittrex高騰/暴落 速報(5分前価格と比較) [BTC-FAIR]5.27%
165986,0,3,0,2017-08-14,今日はﾋﾞｯﾄｺｲﾝを一部売却し関連銘柄のULSグループを1400株購入した。寄りの価格から7パーセント近く上昇して引けていた。みんな考えることは同じなんだね
628218,0,1,0,2018-02-06,まだ買っちゃダメです。。 ＄bitcoin ＄ビットコイン
260687,1,2,0,2017-10-25,暫くは新しいブログ媒体の作成に取り組みまする
115143,1,4,0,2017-06-14,そもそも買っても 1年間塩漬けですよね。 塩漬けにするなら ビットコインか イーサリアムの方が確実に上がる。 ノアコインは プレセール期間も延期になるし 何か信頼性がない。。
108415,0,2,0,2017-06-05,あるあるです(*´Д｀) でも、気になりませんでした♪
541960,1,0,1,2018-01-17,ビットコインえらいことになってるけど、今日やっぱ電車止まったんかな 12月の暴騰でｳﾋｮｰ!って飛び込んだイナゴたちはみんな焼き払われてしまったんだろうなぁ
530220,0,2,0,2018-01-16,"BitCoin VS AltCoin BitCoin時価総額「$236,882,391,952(2.940%)」 Volume「$12,925,600,000」 AltCoin時価総額「$462,816,938,113(0.978%)」 Volume「$25,834,208,660」 # bitcoin # altcoin # 仮想通貨 # cryptocrrency"
665758,6,1,2,2018-02-20,そのうち記事にしようと思ってるけど、ハッシュ計算を延々ブン回すことは仮想通貨の本質的な部分ではないよ。数年数十年したら「ビットコインのマイニングは21世紀で最大の電力の無駄遣いだった」って言われるに決まってんよ。
579770,1,2,0,2018-01-26,偏見かもしれんけど、全く興味持たなそうな感じの娘さんがリツイートに「良いね！」をして、ビットコインだか投資だかのバナーを押させようとする詐欺？やめてほしい・・・わかっててもうれしくなっちゃうから(T_T)
395514,0,2,0,2017-12-11,ビットコインに関してはたぶんそうだろうな～と思ってたので納得
1928,0,2,0,2016-01-23,市場がブロックチェーンとビットコインを混同しているおかげ
326227,0,3,0,2017-11-29,100万円越えたらBitcoinに安定感が出てきたなあ。100万円超えプラス社会人の給料日もあいまってcoincheck銘柄仮想通貨全体がぐんぐん上昇してる。 nemも上がって含み損解消！やった！ 今買うのは少し怖い？買うならBitcoin cashの方が宝くじ的夢がある。
289638,1,2,0,2017-11-11,「AIでビットコインをマイニング！！！」みたいなテキトーなこといってクソ老人からカネ巻きあげたい
655879,0,3,0,2018-02-16,ビットコインやりながら直指の魔眼で「上がれッッッ！」「下がれッッッ！」とかやってる
679599,0,2,0,2018-02-26,【Tweet数の多かった通貨】 1. $ BTC Bitcoin - 582 Tweets 2. $ LTC Litecoin - 383 Tweets 3. $ ETH Ethereum - 303 Tweets ※1時間おきの集計データに基づき自動ツイートされています
268600,0,2,0,2017-11-01,ビットコイン74万w 狂ってるw
17066,0,4,0,2016-06-23,もうやってないけど、bitcoin下げてるなら、買いでは…？半減期相場だよねそろそろ、買うか
430330,1,3,1,2017-12-20,どこの金持ちだったか忘れましたけど、ビットコインからビットコインキャッシュに乗り換えたという話が回ってましたよ♪ おれにはどうでもいい話ですけど(笑)
397655,0,4,0,2017-12-11,ビットコインCBOE上場気配がくるぞぉぉぉぉ！
475108,0,3,0,2017-12-29,bitcoinとmonacoin支払い可のサークルさんもあったなぁ
374266,0,2,0,2017-12-08,ビットコイン200万円 二度見した
657630,0,2,0,2018-02-16,剛力組は草ｗ
683049,0,4,0,2018-02-28,現在ビットコイン高値ついてます。 # ビットコイン
698850,1,3,0,2018-03-10,兵士「ビットコイン隊長、値動きが必ず自分の予想を裏切るんですが！」 隊長「そうなんだ。逆なんだから簡単だろう？と言われると欲が出た途端にそれもずれてしまう。 仮想通貨も先物の動きでなかなか難しい。 握力、機敏さを更に上げようではないか！」 # BTC # 仮想通貨隊
394707,4,2,0,2017-12-10,この間、monappyに書いたBitcoin市場の解説記事が、ページビューではmonappyに投稿された記事の中で歴代11位にまで上り詰めた。 問題は、monappy布教のために読まれる記事を書いたがために、モナコインユーザーとは別の層が読んだこと。だから、投げ銭は少ない…。
284019,28,2,26,2017-11-08,【「Segwit2x」によるビットコインの分岐に係る対応について】 2017年11月15日に起こる可能性のあるビットコインの「Segwit2x」による分岐に関して、ユーザーみなさまの資産保護を最優先事項として、以下の対応を予定しております。(1/3)
146310,0,1,0,2017-07-31,明日、ビットコイン分裂するううう。 今日、ビットコイン終わっちゃううう。 ・・・何も起きてないｗ
556007,0,2,0,2018-01-19,ビットコインのブロックチェーン、相当でかいんじゃないのかなぁと思ってはいたけど、150G以上あるのね。そんなん全部の端末に入れたられないよな。
168843,0,1,0,2017-08-15,"いえいえ。勧誘はよくしていただいてるのでw 裏技も聞いてるんですが、資金不足なだけです(^_^,)"
84659,1,2,0,2017-05-11,【現在のビットコイン相場】 現物価格：1700.71 (参考:¥194396.26) 出来高(24h):8116 BTC (1518百万円)
441109,0,2,0,2017-12-22,# 仮想通貨 # KMD Bittrex高騰/暴落 速報(5分前価格と比較) [BTC-KMD]6.09% [BTC-VIB]5.94% [BTC-MUSIC]-5.88% [ETH-VIB]12.75% [ETH-MYST]-11.27% [ETH-ADX]5.24% 【10%以上】の変動!アービトラージのチャンス!
5080,2,3,0,2016-03-02,Bitcoin初めて買ってみた。結構簡単に口座開設できるんだね。それにしても既にポイントサイトと連携してるとは。
101849,3,1,0,2017-05-27,ビットコイン 半額にもなってないのに暴落なんて呼べないと思うけど。 この程度日常茶飯事でしょ・・・。普通に覚悟の上で買ってると思うが。 ビットコインは中国人が絡んでるから、アレが絡んでると価格はめちゃくちゃになる。理屈なんてありゃしない。
65637,1,3,0,2017-03-21,ありがとうございます 大丈夫ですが、高配当なのですぐ飛ぶかもしれませんよw ただ確かにサポートの対応もシッカリしてるし、自動複利機能や各種ボーナスが優れてるんですよねw 明日週利49%が入って来ますので、配当を残して、元金を引き出してみます^ ^
13120,1,4,0,2016-05-29,Bitcoinえらいことなっとる 爆発してる
588784,0,0,0,2018-01-27,らしいね。ビットコイン以外の通貨で持ってたやつは悲惨やねえ
234288,0,3,0,2017-10-06,やぎさん、何年かするとビットコイン決済とかしてそう...
225088,1,1,0,2017-09-26,城が燃えておる....
407801,0,1,0,2017-12-13,ははーん、俺の予想。またビットコインがハッキングで全部盗まれた事件が起きる。
654071,0,1,0,2018-02-15,ビットコインももう30万も戻したな。振れ幅酷すぎよ。
54854,0,4,0,2017-02-22,いつの間にかビットコインの価格めっちゃ上がってるやん
459749,0,3,0,2017-12-24,ビットコインて2、3年前に事件で有名になったイメージ
195033,0,1,0,2017-09-05,valuみたいな法整備されてない世界で一儲け企んだ奴が損した…内情知る内側が得するなんて予想できるやん…そもそも取引に使われるビットコインの価値も不安定なのに…法整備された株式に上場したUUUMなんて今後どーすんだろ動画でなんの告知も出来んだろ、不手際あって株価落ちたら詐欺罪か？
47141,0,1,0,2017-01-24,何故か BitcoinとXRPの 上げ下げが連動しているのは 何故なのだろうか？？？ アルトコインも同じように下がる のは分かるのだがぁ 解せないが今は仕方ないのかな(^^)！？
795065,0,2,0,2018-05-22,よくわからないですが、取り敢えずアカウント作りました。 どのようなビットコインで資金調達という感じは分かるのですが、サイトなのでしょうか
276903,0,3,0,2017-11-03,え？ビットコインあがってない？
459133,3,1,0,2017-12-24,電車で目の前の家族がビットコインの話してて、この市場で稼げるのも終わり近いなと。
444654,1,0,0,2017-12-22,オリエント急行殺人事件見てる間にビットコインの暴落で俺の9万が殺されてた
284360,0,4,0,2017-11-09,ビットコインうまうまですね笑
792041,0,3,0,2018-05-20,そういえばビットコインは今年で10周年。 価格は3300万倍にも膨れ上がったのだな。 第二のビットコインは必ず生まれるはず。 その為の準備が今まさに必要。
202773,1,4,0,2017-09-11,ビットコインの時代が日本にもやってくるって絶対信じてる信じてる信じてる
550947,1,1,0,2018-01-18,まだ消耗してるの？の人が、ビットコインで毎日のように消耗してて面白い。
612076,0,4,0,2018-02-02,ビットコインが８０万円割れから急騰！
805237,2,2,0,2018-05-30,そう！ツイッター見てて思った！ビットコイン風俗の近くだよね…！ おつかれっす！
724273,0,1,0,2018-03-27,とりわけ契約においてはセマンティクスが重視される。何が起こると、何が取り交わされるか。ビットコインはブロックチェーンで世界が完結している。スマートコントラクトは？実経済が動こうとすれば、欠けた歯車が崩壊を招く。
690472,0,2,0,2018-03-05,FXにも恐らく通じる。 ビットコインが出たときに面白いのが出たからとなんとなく 日本円にして１００円ほど買っておいたのが数年後に新聞で見て思い出したらとんでもない額になっていたことと同じ。 これは仮想通貨で勝つ最低条件・買うという事をその時に満たしていたから起こったこと。上昇は結果。
63432,0,2,0,2017-03-16,"Bitcoinを使って一人ハッカソンをしていますが、ブロックチェーンの思想を踏襲しながらアプリやDBの設計するのって意外と難しいね... 結局DBに何でも登録しがちになってしまう...^^,"
357221,0,3,0,2017-12-07,ビットコイン先物で機関投資家が大量流入して売り浴びせからの先物主導で現物ナイアガラってとこまでぜひ。
281298,0,1,0,2017-11-06,前に書きましたが、前回はBTGの値段が高騰することは予想していなかったので、10BTG程をaltに仕込んで、何%のBTCは戦略的に抜いておきました。
681046,0,0,0,2018-02-27,試しにMoneroの公式の一部拝借して翻訳掛けたけどキツい Moneroは、民間および検閲に抵抗するトランザクションに焦点を当てた主要な暗号侵害です。 BitcoinやEthereumを含むほとんどの既存の暗号化通貨は、透過的なブロックチェーンを持っています。
593830,1,1,0,2018-01-27,まあビットコインの97%ってことだったのでしょう。ミスリード誘ってる時点で終わってると思います。
166805,0,1,0,2017-08-14,昨日10万円だったbitcoinが今日は11万・・・もう買いのタイミング分かんねぇな。
502876,1,1,0,2018-01-08,# 世にビットコインのあらんことを まだビットコイン教に堕ちてないｗｗｗ愚民の戯言がツイで流れてたけどｗお前、、、中央銀行は使いもしない金を死蔵してるんだけど、その金塊の前で同じ事言えんの？？？って話でさｗｗｗ要は仮想通貨群の価値の担保を、先駆者達がゴールドラッシュよろしく？
541107,0,1,0,2018-01-17,ビットコイン1日で1/3位下がったのかｗ
175412,0,4,0,2017-08-21,ネム買ってみよ～ あとビットコインも
328951,2,2,0,2017-11-29,ビットコインで儲けて手術するGIDはいるかな？保険適用で50万円ぐらいになるなら、結構可能性あると思う。おすすめしないけど
464345,0,2,0,2017-12-25,戦争始まったら、ビットコインってどっちに動くのかな……それとも無風。
555312,0,3,0,2018-01-19,DMM Bitcoinのハガキ発送きたーーー。1週間音沙汰なく信用情報で審査落ちたかと思ってたので安心した…。やっと本格的にFXできる
460502,0,3,0,2017-12-24,自分で稼げよビットコイン今安いよ。多分反発するから頑張って。(怖くて手を出せないから人身御供)
315529,2,4,0,2017-11-26,祝ビットコイン100万
719297,0,2,0,2018-03-23,ベルリンで開催されたBlockstackのイベントでウェブカムを通じ、ビットコインが「長期にわたり持ちこたえる」としたものの、ビットコインが「いずれパブリックレジャーを使用していない他の仮想通貨にとって代わる」との見解を示した。
263886,21,1,2,2017-10-27,ビットコインをある程度泳がせておいて、取引手段・プラットフォーム・認知が世間に広がるのを待って、そこから国はビットコインの保持・取引を違法にして、独自の仮想通貨を発行するんじゃないだろうか。 # ビットコイン
168988,0,1,0,2017-08-15,仮想通貨交換所に口座作った話をしたが、これを動画で撮って「ビットコインを１００万で買ってみた！」とかやるのがユーチューバーなんだろ？正直なんかくだらないと思うんだが
309683,76,3,8,2017-11-23,今までビットコインの送金は高い・遅い・不確実っていうイメージだったから、0.3円で送金できるBCHまじかってなってる
192872,1,2,0,2017-09-04,そろそろ俺かな…(｀；ω；´)
501966,2,1,1,2018-01-08,FCTのBF上場の噂はLって人のデマです。 画像はビットコインの買い方です。 なので、信用してる人は気をつけてください。 でもまだ可能性もあるとおもいます。 これでLISKもまた買い入りますね
798128,3,1,1,2018-05-24,底固めしてる感じがフェイクで、それはCCをみるとフェイクだと簡単にわかる。１時間足の直近の安値越えたら、またもうもう一段階下の世界へ # ビットコイン # BTCFX # 仮想通貨 # ビットコインFX # 市況
377303,1,2,0,2017-12-08,僕はビットコインなんかより注目してる株銘柄があります。教えへんけど
368782,0,1,1,2017-12-08,ビットコインなんて胡散臭くて買えないってみんな思っていたんじゃ無いの？今でもそうだから知らない人は危ない橋渡らない方がいいよ。
748043,1,4,0,2018-04-13,一斉にBTC爆上げモード突入。つい先日は７０万円台だったのに対し、 ８０万円台になった。原因はイスラム法がビットコインを容認した事が原因。この乱高下はまだまだ序の口だ。まぁ私はXRP（リップル）推しだがな・・・ # ripple # Bitcoin爆上げ # イスラム法
708027,0,1,0,2018-03-16,仕事あったり地方に住んでるやつからしたらありがたい存在だし、そもそも転売は投機だと思うので俺からしたらビットコインとなんも変わらんと思う。ただ今回の中国人のあれはID使いまわしを注意されて暴行したので別問題の犯罪ってだけ。人がある程度集まったら、何やってても問題は起こると俺は思う
627921,0,3,0,2018-02-06,ビットコインがやっと買えるぐらいの値段？になりましたね。 70万。
454352,0,3,0,2017-12-23,ビットコインは、技術の進歩としてみれば、偉大な一歩であることは間違いないと思う。でもそれを、金融システムや決済システムの革命だとか、通貨の在り方が変わるなんていう飛躍した話になるのは、ちょっと行き過ぎなんじゃないかな。通貨の本質とは何かを考える素材としてはいいんだけど。
596053,0,2,0,2018-01-27,ビットコイン利確するの忘れてた完全に長期保有有価証券の同類と化す
639028,2,2,0,2018-02-09,ところで1/26にビットコインを売って出金申請した俺はちゃんと日本円ホルダーに含まれますよね… 仲間外れにしないよね…
713652,1,3,0,2018-03-19,"3月19日（月曜）｜10時台の仮想通貨市況。BTC約+5%で877,000円台。イーサリアム約-1％で58,000円台。モナコイン約+14％で約427円台。XRP約+7％で69円台。ネム約+7%で30円台。 # ビットコイン # BTC # イーサリアム # ETH # ビットコインキャッシュ # リップル # XRP # モナコイン # ネム # XEM # 仮想通貨"
352207,79,2,25,2017-12-06,最近コア派の寝返り発言が目立つ。本当の事は良く分からないけどもし僕が仮に”長年Blockstreamに洗脳されてたら”と想像。それでもここ数週間で起きた、NYA破綻>Roadmap無し>Segwit不発>Dragon Mint詐欺>Bitcoin Tab発言 とこれだけでもコアへのFaithを失うには充分かもね。 コア信者さんへ、改宗OKよ!
458912,0,2,0,2017-12-24,# 仮想通貨 XRP持ってるけどいつもみたいにBitcoinに釣られそうだなぁ
576499,0,2,0,2018-01-25,ビデオカード品薄って見えて何でまたと思ったらビットコインとやらの採掘に要るのね…
279844,2,1,0,2017-11-05,私の真横でビットコインは危ないっていう話をコソコソしててちょっと面白い 聞き入ってしまうw
568036,0,1,0,2018-01-22,仮想通貨の価格下落率（1時間） 1. -15.53% United Bitcoin (UBTC) 2. -12.67% Creativecoin (CREA) 3. -10.87% Fujinto (NTO) 4. -10.00% Bitair (BTCA) 5. -9.12% PureVidz (VIDZ) 6. -9.04% Rivetz (RVT) 7. -8.96% Maverick Chain (MVC)
719024,0,2,0,2018-03-23,現在のビットコインの価格は898347.0円です
420783,0,2,0,2017-12-17,ビットコイン詳しそうだよねいつも気になって見てる←
594491,0,2,0,2018-01-27,01/27 12:00 のStrongHands価格（日本円）をお知らせします。 1剛力 = 0.0002963998 円 (前日比 : -16.36 パーセント) 1億剛力 = 29639 円 10億剛力 = 296399 円 プロテインはこちらへ↓ 【SPV4eLwzqt8arMP1QxzfJbEQndYYwyAgAq】 # StrongHands # SHND # 仮想通貨 # bitcoin
62827,2,3,0,2017-03-14,ちなみに先月も今月も月300時間コース しっかり稼いで夏休み一ヶ月取りたいな♪ 忙しい時期はしっかり働いて休みまとめて取るのが自分は嬉しい
472132,1,3,0,2017-12-28,マスは「ビットコイン決済できる所が増えている」という認識なんだろうか ちょっと前はマスメディアがそういうニュース流してた様な気がするし
490457,1,4,0,2018-01-05,ビットコインは後輩くんにめちゃおすすめされてた
806791,0,2,0,2018-05-31,"05/31 14:00現在(Zaif調べ) # Bitcoin : 818,500円↑1.74% # NEM # XEM : 27円↑3.85% # Monacoin : 368円↑0.27% # Ethereum : 62,350円↑1.64% # Zaif : 1円↑0%"
403623,0,3,0,2017-12-12,ギャンブルだったけど、送金が間に合ったらしい。 10万詰まりで2時間くらいで送金完了。 BINACEで口座開設。ハードフォーク待ち。 # ビットコイン # 送金詰まりの件
692160,2,2,0,2018-03-06,4200めーとりゅ
715004,0,1,0,2018-03-20,"【30分足】 【売りサイン】 を 検出しました。 909,470 BTC/JPY (2018/03/20 02:00) # ビットコイン # BTC # MACD # BTC売買サイン通知"
700003,0,0,0,2018-03-11,ビットコインは、上がれば何度も例の売却の嵐が降ってくるのかー？ 全部売り切るまではこの現象が続くのかー？ # 仮想通貨
659178,1,3,0,2018-02-17,ビットコイン好調だけど ビットフライヤーでSFD発動しそう
377559,0,4,0,2017-12-08,ビットコインの上昇が異常すぎる。
14376,0,2,0,2016-06-10,ＵＦＪ一瞬プラ転 ビットコイン銘柄(〃艸〃)ﾑﾌｯ
178994,0,3,0,2017-08-24,ビットコイン1度勧められたけど悩むな～
39142,1,1,0,2017-01-05,ビットコインはちょっと違う気がします。株価ですね。
552664,1,0,0,2018-01-18,ビットコイン暴落で今がチャンスかと思ったがそもそも1ビットコインはおろか0.01も買えない←
420489,0,3,0,2017-12-17,zaifだけやたらとビットコイン上がってるのなんで
78558,0,4,0,2017-05-02,ビットコインはこれから騰がると聞いた
751091,0,2,0,2018-04-16,# 仮想通貨 # CRB Bittrex高騰/暴落 速報(5分前価格と比較) [ETH-CRB]-19.21% 【10%以上】の変動!アービトラージチャンス! # 拡散希望
274684,1,3,0,2017-11-02,"ビットコイン80万超えた(^^,"
641250,1,1,0,2018-02-10,BTC/JPY 売り買い交錯してるな～ 上か？下か？ 個人的には下ｗ # BTC # Bitcoin
531323,0,1,0,2018-01-16,もう、遅いやろ。
384529,0,3,0,2017-12-09,やってませーん。 それは時代遅れです。 ビットコインかモナーコインをやりましょーね
161625,1,2,1,2017-08-12,ナカーマ(*´Д`)ﾊｧﾊｧ
293891,0,2,0,2017-11-13,ビットコインだろうが、株だろうが下げた時にしか買えない。長期順張りの下落拾うなら、この方法しかない。 # 投資
453726,1,2,0,2017-12-23,え？ ゴール・D・ロジャー ビットコインの神らしいw
231270,0,2,1,2017-10-03,RT 古賀茂明はビットコイン取引所破綻はアメリカの陰謀だとでも暗に言いたいのかな？ビットコインはドルによる国際金融支配への挑戦だからと。 RT 報ステ古賀茂明「民主党の組合派の票が大量に共産党に流れた」
178877,1,1,0,2017-08-24,税金もだけど犯収法や資金決済法もしっかり適法にやってくれよ。ビットコインもきっちり本人確認する必要があるから簡単じゃないぞ > 送金サービス
253920,3,4,0,2017-10-21,ビットコイン見ても欲望で変な売り買いしそうなので、 リップル見て冷静に下拾っていこうー。ウキウキするぐらい安い。 スーパーの特売と思えば全然余裕だ！！！ # XRP
525624,0,0,0,2018-01-16,たぶんマイナス9000枚(ビットコイン)とかになりそう
406661,0,3,0,2017-12-13,$ NEM $ LTC につづいて リップル $ XRP までmoonか！というか主要なアルト大体高騰中やなぁ。これがアルト祭り... # 仮想通貨 # リップル # ビットコイン
338961,0,0,1,2017-12-01,ビットコイン下げー。底がみえん。
230000,1,3,0,2017-10-02,Bitcoinのfxだね。ぼちぼち頑張るわw
649281,0,4,0,2018-02-13,FX100万きた。さすがに上がっていきそう
698258,0,2,0,2018-03-09,ビットコインやばー(´･ω･`)
158069,0,2,0,2017-08-08,ビットコイン、ＸＥＭ(￣▽￣)
217332,13,1,38,2017-09-18,取引所へのサイバー攻撃やビットコイン（ＢＴＣ）採掘への参加が疑われており、経済制裁の強化で窮地に立たされる北朝鮮がＢＴＣに逃げ込もうとしている可能性がある。
586661,0,2,0,2018-01-27,17時00分現在のトレンド: # aniaca ホワイトハッカー バースデーカード コインチェック事件 無間地獄 ポイボ # yjtc ビットコイン決済サービス # 親父熱愛 # たーんおん アドニス 一般女性と結婚 返礼祭 ショコラフェス # resem34 メインクーン...
95622,2,4,0,2017-05-24,"bitcoin, いつ見ても単調増加してませんか おれもレートをbitcoinにしたい"
488378,3,1,0,2018-01-04,やすけりゃいいってもんじゃないぜ…
470333,0,4,0,2017-12-27,全部 Bitcoin に突っ込んだら倍は固いですよほんとですよ。
737835,0,1,0,2018-04-06,ビットコインと同じタイミングでいくつかの主要アルトがサポートラインで粘ることでカテナチオみたいになったりしないの？
397987,0,0,0,2017-12-11,GMOがビットコインの広告を電車内に出している時点で手を引いた方がいいものだといえよう。
619393,0,2,0,2018-02-04,それこそ話題のビットコイン？( ・◇・)？
644144,0,2,0,2018-02-11,〜第2回アンケート〜 仮想通貨Fxショート派？ ロング派？ どちらかというとで構いません # Zaif # zaif # 仮想通貨 # Bitcoin # BitCoin # ビットコイン # XRP # リップル # XEM # ネム # ショート # ロング # JPY # jpy # FX # トレード # 空売り # 取引 # コツコツ # 一万円チャレンジ
633518,1,3,0,2018-02-07,こ、これは！ビットコインそのものですね！ 個人的にユーチューブはやっておいた方がいいと思います。 ライバルがいないキーワードならユーチューブが上位表示されやすくなってきているのとそこからのリンクも力強いですしやらないよりやったほうがいい手法だと思います。 # 知らんけどな
641399,4,2,0,2018-02-10,基本的に暴落時にツイッターに出勤するのは、買い増すかどうかの検討を含め戦闘モードになるからだよね笑 みんなは上がってる時が楽しいんだろうけど、俺は上がってる時はあんま興味ないんだよね 下がってる時の自分の判断、行動の成果が出てるだけだから。 # 仮想通貨 # ビットコイン # イーサリアム
204863,1,0,0,2017-09-13,ビットコインめっちゃ下げとる・・・。
19124,1,1,0,2016-07-10,ビットコインの、上昇トレンド。私はデポジットないので取引できず
400433,0,3,0,2017-12-12,bitcoinの送金よりアマギフのコードメールで送った方が早いし、steamがやめるくらい安定はしてないから、仮想通貨が公的に使うものより私的に遊ぶものになる気がする。
162722,0,4,0,2017-08-13,寝ようと思ったのにビットコイン上がり出して寝れない。
195865,0,3,0,2017-09-06,2017-09-06 16:00~17:00のBitcoin市場は上げ一服だったみたいだね。 変化率は0.9277% 18:00までは反騰? 直近の市場の平均Bitcoinの価格は499691.0円 # ビットコイン # bitcoin # AI
391435,0,4,0,2017-12-10,サンタさんへ、クリスマスは枕元にビットコインでいいからね！
363463,0,4,0,2017-12-07,bitcoinの価格がかなり上がって面白いね！bitcoinから得た所得に対しての税金支払いを忘れないようにね(*'▽'*) 毎回新しい定めができると、大抵は見せしめに仮想通貨で申告せず（脱税）で逮捕とかニュースになるよね。 正しい申告を。
581627,0,1,0,2018-01-26,ビットコインは高いうち頭打ちが来るかもねえ
365897,1,3,0,2017-12-07,使える店は最近増えてきましたね。 ただ投資目的がメインですので、ぼくはビットコインなど仮想通貨で買い物したことはほとんどありません。
768270,0,2,0,2018-04-29,"取引所 買板 売板 Zaif 1,011,290円 1,011,320円 bitFlyer 1,008,964円 1,009,300円 coincheck 1,014,755円 1,015,617円 採掘済み割合 約80.97% 2018年04月29日09時45分01秒現在 # ビットコイン # Bitcoin # btc"
509402,1,1,0,2018-01-11,中国の野良採掘機ブームが止まったら一気に価値が下がりそうだな＞ビットコイン
574754,3,2,0,2018-01-24,＞しかし、ビットコインはそれを無視して価値が発生しているいうことも言っていました。 このくだりも面白いですね。DLT通貨の面白い所はそれ自体が信用（価値）創造である事です。無からお金が生じるのです。実際、BTCのHFでビットコインキャッシュという信用（価値）創造がなされました。
554354,0,2,1,2018-01-18,ビットコインって要するに地域振興券でしょ？（てきとう
671308,0,2,0,2018-02-22,"【高値】 1,140,515円/ # BTC @ # zaif 【安値】 1,030,000円/ # BTC @ # coincheck 現在、約10.73%の価格差となっております。 # ビットコイン # アービトラージ"
727986,1,4,0,2018-03-30,始めるならいまがいいですよね さすがにそろそら底かと。
529798,0,2,0,2018-01-16,"取引所 買板 売板 Zaif 1,712,310円 1,712,670円 bitFlyer 1,709,824円 1,710,845円 coincheck 1,711,748円 1,712,233円 市場規模 約28.69兆円 2018年01月16日00時00分02秒現在 # ビットコイン # Bitcoin # btc"
431273,0,1,0,2017-12-20,まああれだけ通貨として使えないとなるとBTCは下がって当然だよね。18万あたりで反発したけど、どうせfxとかの投機的なお金ばっかだろうし。BCHはfxやってるところ少ないからちゃんとBCHの将来性を見込んで流れ込んだお金だろうって思う。 # ビットコインキャッシュ # ビットコイン
328695,0,4,0,2017-11-29,ビットコイン爆発してるね
246266,0,3,0,2017-10-14,暗号通貨のでは無く、Bitcoinの終わりの始まりですね。
245496,2,1,0,2017-10-14,ビットコインのような仮想通貨があるではないか、と仰られると思いますが、所詮はクーポンと変わりありません。みんな必死になるから死ぬ程ではないだろう、と言うのは決してなく、寧ろ経済が機能しなくなることで人は死にます。
481405,0,3,0,2018-01-01,# 仮想通貨 # ADT Bittrex高騰/暴落 速報(5分前価格と比較) [ETH-ADT]-13.43% [ETH-RLC]7.21% [ETH-DNT]6.35% 【10%以上】の変動!アービトラージのチャンス!
191676,0,1,0,2017-09-03,ビットコインの昨日の急落では注文が通らないなんてこともあった。なす術なく含み損が膨れ上がる…かもしれない恐怖。
427499,0,3,0,2017-12-19,ビットコインは、真剣に導入を考えるべき通貨だと捉えています
467159,0,1,0,2017-12-26,ビットコインの申し込みもこねーし。。熱冷めちまったじゃねーか(´･ω･｀)
32426,0,3,0,2016-12-02,ビットコインすごいことになっちゃっってない？
65208,0,3,0,2017-03-20,わい、ビットコインから投資の世界に足を踏み入れ為替取引と株に興味を持つ人間。トレードのスキルは使い回せると期待。
344167,0,1,0,2017-12-02,けど今メモリとか高騰してるんよなあ。ビットコインってやつのせいだ。
630093,0,0,0,2018-02-06,# ビットコイン どこまで下げるん…(ヽ´ω`) 75万に設定したアラートもうすぐ鳴るで。。。 明日には60万台まで下げそうな勢いやなｗ
506943,0,0,0,2018-01-10,ビットコイン高い時に掴んじゃった最悪ー
471042,0,1,0,2017-12-28,"とりあえずビットコインを買うためにクレカの上限をアップしてたんだけど今月普段の10倍くらい使っててビビったわ(,´･ω･) 来年はいつものようにケチな生活しよ"
550591,0,2,0,2018-01-18,暗号通貨界隈では 本当のビットコイン は ビットコイン キャッシュ という話もあるのであながち間違いではない（小並感
457582,0,1,0,2017-12-24,ビットコインを抑制したのは先物市場だったか。
52053,0,3,0,2017-02-12,40万の使い道…。 為替デビューか、ビットコインか、優待株か、高配当株か、小口にして10万×4で遊ぶか… 迷えるなんて贅沢だな、お前
96000,0,2,0,2017-05-24,とんかつさんの大学に韓国人留学生のお友達や、国際交流関係の寮に住んでて、韓国のビットコインの口座を作れそうな人いないのだろうか？
8089,23,2,22,2016-03-31,お爺さんは、吹雪の中取り残された7体のモデラーソフト地蔵に次々とAutodesk笠をかけてやりました。ところが笠がひとつ足りなかったため、最後に残ったShade地蔵にはビットコインをかぶせてやりました。 # モデリング力高い童話
805693,0,1,0,2018-05-31,モナコインもビットコインも一緒くたにされて仮想通貨が危ないというのはどうしたものか。まー正確に言うとやはり100％安全なものではないけど、それを言ったらリアル通貨だってリスクはある。結局大切なものはお金では買えないんですよ。（話が変わってる）
196951,0,1,0,2017-09-06,ビットコイン暴落するたびにほらみろ！俺の言った通りだ！って人がわくけどだいたい3日もしないうちに元に戻るんよな。
129157,0,1,0,2017-07-11,ビットコインの消失の社長痩せて別人にすぎw
114699,6,3,1,2017-06-14,bitcoinは短期では一喜一憂してもいいと思うけど、長期では上がるから
722203,0,1,1,2018-03-25,# そこまで言って委員会 そもそも価値が変動する時点でビットコインは株と同じ。 そんなものに危険性がないわけがない
684307,1,3,0,2018-03-01,仮想通貨のビットコインなどメジャーなところは価値が下がっても回復しますがlCO＝後発非上場のコインは爆発的に上がるかも知れませんがほぼ変わらないものもありますね。
233099,4,2,0,2017-10-05,~人の行く裏に道あり花の山~ 多数が〇〇コインは上がるに違いないと言っているときは、すでに価値が上がりきっている 多数が知らないコインや材料を見出せた時だけ、そこに仕込むことができる 人と同じことばかりしていても 大して儲けることはできんよ # 仮想通貨 # ビットコイン
612945,0,2,0,2018-02-02,サロン！ビットコインの調子は？
206408,0,1,0,2017-09-14,この、ビットコインやばいんちゃうん？っていう不安感が蔓延すればするほど、暴落リスク上がるよな 損切りのタイミングまじで大事やと思われ
458885,0,3,1,2017-12-24,水曜夜、髪切ったとき、床屋さんがビットコインのこと口にしてたもんなあ。
183538,0,3,0,2017-08-29,北朝鮮リスクでビットコインまた伸びるかなー
533352,1,2,0,2018-01-17,# nhk11 ビットコイン！やっぱりね！
670901,0,3,0,2018-02-22,"# ビットコイン アビトラチャンス！ 買い: # Zaif 買値:1,043,990円( $ BTC /JPY) 売り: # BTCBOX 売値:1,072,289円( $ BTC /JPY) 2.71%以上の差が開いています！"
394620,0,3,0,2017-12-10,ビットコインで儲けたん？
60601,0,2,0,2017-03-09,無料スマホアプリで月に1500円の # ビットコイン が貰えるよ
804691,1,2,1,2018-05-30,仮想通貨「下落」ランキング ※3時間毎に更新！ BTG ¥684.719（-13.8%） CMT ¥41.836（-9.64%） RLC ¥193.199（-5.09%） BCD ¥315.036（-3.81%） TRX ¥6.813（-3.61%） ※binance取り扱い通貨限定 # 仮想通貨 # ビットコイン
538109,0,2,0,2018-01-17,まさおビットコインは予兆だったようだ。
243468,0,4,0,2017-10-13,ビットコインがひたすらあがってる
749748,2,3,0,2018-04-15,ビットコイン戻ってきたか
805783,2,2,0,2018-05-31,天からの贈り物ですね それを使うと、お爺ちゃんになりますよ
649862,0,1,0,2018-02-13,ビットコインに飛ばされて追い出されたwww
443888,0,3,0,2017-12-22,ネム、リップルも買い時だろうね。 イーサ関係は今後伸びると思う。 ビットコイン一強は今回で潮目が変わるんじゃないかな 結局時代は由緒ただしき仮想通貨を求めてる。 ロックフェラー、グーグルが覇権を取るんじゃないかな〜 ロスチャイルド系コインはないんだろうか？
136159,4,2,2,2017-07-18,集まった額で実現可能性の高いプランを提示します。(不満なら返金) 今のところ、赤坂、四谷三丁目、神田から徒歩5分内と新宿なら可能(既に目星の物件アリ)です。 三軒茶屋でもタイミング良く物件が出れば。恵比寿は厳しい。
339163,0,3,0,2017-12-01,ビットコインやるなら、法人成り
376347,0,1,0,2017-12-08,ビットコイン216万きてんね おれの108万L返してぇぇぇぇぇ！！！
3745,0,1,0,2016-02-19,@ tyk97 ドル崩壊してもビットコインは上がらないもんですかね？
392721,0,3,0,2017-12-10,結果論ではあるけれど、ビットコインがイメージ通り以上の動きだった。。こんなん抜けまくるご祝儀相場じゃん けど、やはりさとしがなんだかわからない以上、どうも参入する気になれないんだよなぁ。
227244,4,2,0,2017-09-29,ビットコインみたいに、CDを仮想通貨として流通させるヲタさんいないかな
106983,2,4,0,2017-06-03,またビットコインだけ淡々と上げとるなぁ
498283,0,3,0,2018-01-07,じゃあどんなビジネスが良いかって言ったら、やっぱりアフィリエイト的なものとビットコイン的なものの融合がたぶん今は一番良い ここをクリックしたら何コインとか、ここに文章を投稿すれば何コインとか、この問題を解いたら何コインとか、中高生でも出来る／中高生にしか出来ないことってあるでしょ
755022,0,4,0,2018-04-19,リップルきてるでー！ ちょくちょくビットコインの連動から外れるようになってきた、最高や。
181754,1,2,0,2017-08-27,私と同じモデルだ！！
119181,0,1,0,2017-06-20,Wirexカードは、VISAに変わったらATMで1万円未満の出金ができなくなった。 # Wirex # 悲報 # bitcoin
92359,0,1,0,2017-05-21,後発だと少しビビリ気味。堅実なビットコインは押し目がないので、倍とか狙うなら新興系ですかね。欲豚
354918,0,1,0,2017-12-06,ビットレ君だとビットコインしかやれないしなあ…指くわえすぎてふやけてるw
596774,0,3,0,2018-01-28,コインチェックの戦略として、以下の和田社長の考え方は共感。 「いろんな人の意見を聞いていると、丸まったアイデアになってしまう。自分で作れたからこそ、思い切った意思決定、『日本で一番簡単にビットコインを買える取引所』という尖ったサービスを作れた」
709478,1,2,0,2018-03-17,本職は、、、 やはり聞かないでおきます
636883,0,2,0,2018-02-08,ビットコインFX の自動売買アプリ制作中
104972,1,1,0,2017-05-30,ビットコイン、為替と同じような動きなら、持ち直しても上値は警戒されそうだなぁ
385137,0,1,0,2017-12-09,横から失礼しますm(_ _)m 今からビットコイン送金してトランザクション的にも間に合うのでしょうか？ みんな移しそうだし。気になるところです。。
672484,6,3,1,2018-02-23,トロンですが、チャート見てませんがおそらく買い時ですので絶頂よろしくお願いいたします笑 # trx # tron $ trx # btc # bitcoin
608672,4,0,0,2018-01-31,それにしてもdmm bitcoinのスプレッドが広すぎてクソ 投資初心者からスプレッドでボロ儲けしたコインチェックさんを見習ってるんじゃねえよ
74352,1,2,0,2017-04-17,これビットコインのウォレットのアドレスか？
222808,0,3,0,2017-09-24,個人向け国債vsビットコイン
390588,0,3,0,2017-12-10,ビットコイン値下がりしてる… じゃけん今のうちに買っておきましょうね
57955,1,3,0,2017-03-03,私がビットコインの話を始めた時は仕込んだ後だと考えてもらって間違いないです。
45907,0,2,0,2017-01-19,結果は言うまでもないねー 高モードループ→800回転7BCでヒット3連、400回転3BCでヒット単発。 あ、朝イチは2連続1BCだったんだよ、単＆単だけど、、、 設定5→謎の3連続1BCでヒット 普通に1500枚 隣の台って本当に出るんですね。。。
176241,0,0,0,2017-08-21,しかし先週ユーチューバーたちがVALUを全て売り抜いて大暴落。ビットコインでやりとりしているため金融商品取引法の対象外となり利用者保護がなされない。麻生大臣「消費者保護と新しいものを育てるのと両方考えなければならない」伊藤教授「納得感のあるルール作りが必要」 # wbs
94192,1,3,0,2017-05-23,コインチェックです ビットコイン建て225先物とかやってくれたら観戦したいなぁｗ
284789,1,3,0,2017-11-09,たむけん暗号通貨好きやな～ｗビットコインよりネムとリップルが好きらしいｗ
151247,1,2,0,2017-08-02,ビットコイン界隈、追ってなかったから記事を見ても用語が???だなぁ
639605,3,1,1,2018-02-09,巨人の足音みたいな地鳴り？重低音聞こえたので震えながらスリープするだす…
743702,1,1,0,2018-04-11,踊る大捜査線のレインボーブリッジで、最高のボス=権威がいる組織はボスのない組織に勝るという話がありました。嘘じゃないと思います。ただ、最高のボスを持ち続けることが不可能なのです。なので、ボスのいない組織の方が安定して運営できる。ビットコインにはボスはいません。 # ビットコイン
708035,0,2,0,2018-03-16,みそキャ
101652,0,1,0,2017-05-27,実際は触ってないからいまいち分からんのだけど、イケダハヤトさんに「まだビットコインで消耗してるの？」って煽れる位には下がってんのかな
255470,0,2,0,2017-10-21,だれか現在進行形でビットコイン持ってる人いない？
711099,0,1,0,2018-03-18,日本の鯨がbitcoinを売ったのか。
220636,12,1,0,2017-09-21,仮想通貨大ボーナス相場。 年次でたった１年勝ったくらいでドヤしてたら、 為替や株で何年も生き残っとる奴らに鼻で笑われるで その先がほんまの勝負やのに。 月次でちょっと勝ったくらいで… 日次で…（略） 短いほどに愚かや。
272568,0,2,0,2017-11-02,とりあえず、ビットコインがなんだとかあーだこーだ言ってる全く話も何も合わなそうなアカウントはスパブロしちゃえばいいのだ(* 'ω')ﾉ
503846,0,2,0,2018-01-09,今はコインエクスチェンジかクリプトブリッジってとこかな。クリプトピアは1月末頃に上場が決まった。クリプトブリッジなら所有してるモナコインでトレード出来るで。エクスチェンジならイーサかライトコインだったかな。ビットコインだと取引額が高いから微妙だった気がする。
184325,0,1,0,2017-08-29,ビットコイン少し売って資金調達してETH買ってICOトークンにする
775015,0,2,0,2018-05-05,# 仮想通貨 # BLITZ Bittrex高騰/暴落 速報(5分前価格と比較) [BTC-BLITZ]5.06%
585704,0,0,0,2018-01-27,ビットコイン仕事先の人が今事件になってるとこで取引してて10万円くらい戻ってこないって泣いてたなぁ。
94948,1,3,0,2017-05-23,今朝モーサテに出てたソシエテの人ビットコイン持ってるのか こんな感じでサラッと巨額のインカムゲイン抱えてる人沢山いそう
204683,0,3,0,2017-09-13,はい、時間かかっても大丈夫です。ありがとうございます!!
581842,0,2,0,2018-01-26,先輩に転職の相談したらいまはビットコインのエンジニアになればいいよwwwwwっていつにないハイテンションで返ってきてぽかーんとしてる そのあとブロックチェーンの話したら先輩のにわかがばればれだった
53489,3,3,2,2017-02-17,【welfunding】 新登場寄付型HYIP 0.07BTC一回の投資であとは自動更新してくれて楽チン＾＾ 最近はじまったばかりの良案件に乗り遅れるなー！！ # WFD # HYIP # ビットコイン
780847,0,2,0,2018-05-10,# 仮想通貨 # FTC Bittrex高騰/暴落 速報(5分前価格と比較) [BTC-FTC]7.55%
677912,0,1,0,2018-02-26,ビットコイン、そのうちにマイニングコストに報酬が見合わなくなるときがくるはずなんだが、その問題はどう解決するつもりなんじゃろう。
488178,0,3,0,2018-01-04,ビットコインおすすめ募
419971,0,4,0,2017-12-17,ビットコイン最高値更新したっぽい
351814,1,4,0,2017-12-06,ビットコインは200万までは行く気がしてるから更に買った。 とりあえず週中に仕込むと土日上がるからありがたいw
366850,0,2,0,2017-12-08,"結局ペロコインのセッティングできんかった(,^_^AビットコインFXで稼ぎてえけどセッティングの段階で頭がおもとーなってゲームに走ってしまう(,^_^Aガチャに金つぎ込んでしもうたしものすげーなさけのー感じるぜ(,^_^Aけど、ガチャでかわええ姫を手に入れたから無問題ぢゃで(,^_^Aまた明日ぢゃわ(,^_^A"
770845,0,2,0,2018-05-01,思わずリツイしたけどホームのバナーの文言あれはもしや…
475381,3,3,0,2017-12-29,元彼に3年半くらい前に出会った時、ビットコインのTシャツ着てた笑そして熱く語ってた笑
651257,0,3,0,2018-02-14,次会うときまでにビットコインで貯めときます
322752,0,3,0,2017-11-28,ユーロよりも廉価で取引されていた頃は安く品物を購入する為にビットコインの取引を円建て、ドル建てで比較して支払いをしたものだったが、銀行系が利ザヤを稼ぐようになって、投機対象となって価格が上がり安くなくなった。
749339,6,2,0,2018-04-15,まだお腹いっぱいです # いいねした人全員フォローする # リツイートした人全員フォローする # RTした人全員フォローする # スマホ美人 # わたさく # 病み垢さんフォロバする # 彼女とデートなうに使っていいよ # カメラマンさん募集 # 木村拓哉 # 有村架純 # ビットコイン
263351,10,2,0,2017-10-27,はい、おっしゃる通りリップル社、特にDavid SchwartzはXRPのことをdigital assetと呼ぶことがほとんどです。ただし、ビットコインのような他の仮想通貨にもcryptocurrencyと呼ぶことは稀で、ほとんどの場合digital assetと呼んでいます。
113531,0,1,0,2017-06-12,"明日のAimingとマネパの予想。 Aimingは、金曜日に出た材料大したこと無かったから、やや下落。 チョット期待値高すぎたんじゃないかな(~_~,) マネパをはじめ、ビットコイン関連銘柄は明日からもジワジワ上げてくと予想。 ビットコイン自体がまだまだ熱い⭐︎"
224966,0,3,0,2017-09-26,ビットコイン急上昇の原因は
663876,0,1,0,2018-02-19,そうだよきっと ホントに取引されてんのはビットコインだけで他は実際には取引されていないんだよ（憶測だよ） だからどんなに買いが入っても変わらないんだよ 買ったという事にしてあるだけで だから無いはずのネムまで入っていることになっている
285901,0,2,0,2017-11-09,現在のビットコインの価格は852763.0円です
431376,0,2,0,2017-12-20,お詫びはビットコインで受け付けております^^
88888,0,3,0,2017-05-17,シャープはウハウハ。後はチョロチョロ。 リスク（ビットコインの仲間）は20万が24万になったけど今持ってたなら3倍になってたンゴねぇ…
723477,0,2,0,2018-03-26,# 中学生の自分に教えたいこと選手権 お年玉全額ビットコインにツッパしとけ
711169,12,1,0,2018-03-18,ビットコイン、介護が必要な動きしてるね…
198913,0,2,0,2017-09-08,決済のやりとりするのに、計算が必要でその計算を接続したサーバが競って計算してるん。 その度合いに応じて生まれてくるビットコインを獲得する権利がゲットできたり...みたいな(*⁰▿⁰*)(超ざっくり
23192,0,3,0,2016-09-07,自分はトラベラーズノートを持っていたヨボなのでクレカの発達は嬉しいですが、各国の交通機関がオイスターカードやオクトパスカードになってしまうと不便です。いっそビットコインの世界共通プリペイドカードでもあればと。
102506,0,3,0,2017-05-28,仮想通貨はまだ適正価格がよく分からないから、botの自動売買に向いていると思う 株に比べると個人でもやりやすい # ビットコイン # BTC
281645,0,2,0,2017-11-06,【現在のビットコインの売却価格2】 ・bitbank：850619円（+2851円） ・フィスコ：850300円（+3865円） ・BtcBox：850316円（+3415円）
